player_id,first_name,last_name,birth_date,nationality,position,preferred_foot,height,weight,team_id,matches_played,goals,assists,yellow_cards,red_cards,jersey_number,team_name
1,João,Gonçalves,2000-11-05,Portugal,Goalkeeper,Right,188.00,80.00,1,34,0,0,4,0,99,"Boavista Futebol Clube"
2,Pedro,Malheiro,2001-01-21,Portugal,"Right Back",Right,179.00,72.00,1,23,2,2,9,1,79,"Boavista Futebol Clube"
3,Chidozie,Awaziem,1997-01-01,Nigeria,"Center Back",Right,189.00,77.00,1,24,0,0,7,1,5,"Boavista Futebol Clube"
4,Vincent,Sasso,1991-02-16,France,"Center Back",Right,190.00,78.00,1,17,2,0,3,0,23,"Boavista Futebol Clube"
5,Rodrigo,Abascal,1994-01-14,Uruguay,"Center Back",Left,186.00,84.00,1,29,2,0,8,0,26,"Boavista Futebol Clube"
6,Filipe,Ferreira,1990-09-27,Portugal,"Left Back",Left,178.00,70.00,1,26,0,1,4,0,20,"Boavista Futebol Clube"
7,Bruno,Onyemaechi,1999-04-03,Nigeria,"Left Back",Left,184.00,80.00,1,24,0,1,3,0,70,"Boavista Futebol Clube"
8,Ibrahima,Camará,1999-01-25,Guinea,"Defensive Midfielder",Right,190.00,78.00,1,15,0,0,1,1,6,"Boavista Futebol Clube"
9,Ilija,Vukotić,1999-01-07,Montenegro,"Defensive Midfielder",Left,191.00,78.00,1,28,1,0,5,0,18,"Boavista Futebol Clube"
10,Sebastián,Pérez,1993-03-29,Colombia,"Defensive Midfielder",Right,175.00,72.00,1,28,0,0,15,2,24,"Boavista Futebol Clube"
11,Miguel,Reisinho,1999-04-09,Portugal,"Central Midfielder",Left,184.00,76.00,1,31,3,4,7,0,10,"Boavista Futebol Clube"
12,Joel,Silva,2003-02-11,Portugal,"Central Midfielder",Right,185.00,78.00,1,14,1,0,1,0,16,"Boavista Futebol Clube"
13,Gaius,Makouta,1997-07-25,Congo,"Central Midfielder",Right,180.00,75.00,1,30,2,3,9,0,42,"Boavista Futebol Clube"
14,Bernardo,Conceição,2003-09-15,Angola,"Central Midfielder",Left,169.00,62.00,1,18,0,0,2,0,80,"Boavista Futebol Clube"
15,Salvador,Agra,1991-11-11,Portugal,"Right Winger",Right,166.00,69.00,1,31,3,3,7,0,7,"Boavista Futebol Clube"
16,Bruno,Lourenço,1998-02-02,Portugal,"Right Winger",Left,179.00,73.00,1,32,5,1,4,1,8,"Boavista Futebol Clube"
17,Luís,Santos,2000-01-20,Portugal,"Right Winger",Right,176.00,66.00,1,19,0,1,3,0,11,"Boavista Futebol Clube"
18,Róbert,Bozeník,1999-11-18,Slovakia,Striker,Right,188.00,80.00,1,31,8,2,4,0,9,"Boavista Futebol Clube"
19,Jeriel,"De Santis",1999-04-09,Venezuela,Striker,Right,190.00,85.00,1,12,0,1,2,0,27,"Boavista Futebol Clube"
20,Martim,Tavares,2003-11-10,Portugal,Striker,Right,183.00,75.00,1,22,1,2,1,0,59,"Boavista Futebol Clube"
21,Tiago,Machado,2004-04-02,Portugal,Striker,Left,185.00,82.00,1,5,0,0,0,0,90,"Boavista Futebol Clube"
22,Tiago,Morais,2003-09-03,Portugal,Left-Winger,Left,168.00,63.00,1,17,6,2,5,2,21,"Boavista Futebol Clube"
23,Lucas,Paes,1997-12-07,Brazil,Goalkeeper,Right,193.00,90.00,2,4,0,0,4,0,68,"Casa Pia Atlético Clube"
24,Ricardo,Batista,1986-11-19,Angola,Goalkeeper,Left,192.00,84.00,2,31,0,0,2,1,33,"Casa Pia Atlético Clube"
25,André,Geraldes,1991-05-02,Portugal,"Right Back",Right,181.00,69.00,2,16,0,0,2,0,18,"Casa Pia Atlético Clube"
26,Duplexe,Tchamba,1998-07-10,Cameroon,"Center Back",Left,191.00,78.00,2,16,1,1,6,1,2,"Casa Pia Atlético Clube"
27,Vasco,Fernandes,1986-11-12,Portugal,"Center Back",Right,182.00,74.00,2,27,0,0,7,0,13,"Casa Pia Atlético Clube"
28,João,Nunes,1995-11-19,Portugal,"Center Back",Right,188.00,80.00,2,19,1,0,1,0,3,"Casa Pia Atlético Clube"
29,Fernando,Varela,1987-11-26,"Cape Verde","Center Back",Right,183.00,80.00,2,24,0,1,2,0,15,"Casa Pia Atlético Clube"
30,Fahem,Benaissa,2002-04-29,France,"Left Back",Right,188.00,80.00,2,1,0,0,0,0,12,"Casa Pia Atlético Clube"
31,Gaizka,Larrazabal,1997-12-17,Spain,"Right Back",Right,181.00,76.00,2,32,2,1,4,0,72,"Casa Pia Atlético Clube"
32,Leonardo,Lelo,2000-03-30,Portugal,"Left Back",Left,175.00,69.00,2,33,1,2,4,0,5,"Casa Pia Atlético Clube"
33,Nermin,Zolotić,1993-07-07,"Bosnia and Herzegovina","Center Back",Left,188.00,81.00,2,31,1,0,3,0,19,"Casa Pia Atlético Clube"
34,Kevin,Krygard,2000-05-17,Norway,"Defensive Midfielder",Right,184.00,77.00,2,3,0,0,0,0,14,"Casa Pia Atlético Clube"
35,Rafael,Brito,2002-01-19,Portugal,"Defensive Midfielder",Right,184.00,76.00,2,9,0,2,0,0,17,"Casa Pia Atlético Clube"
36,Diogo,Pinto,1999-06-29,Portugal,"Offensive Midfielder",Right,175.00,65.00,2,1,0,0,0,0,10,"Casa Pia Atlético Clube"
37,Pablo,Roberto,1999-11-14,Brazil,"Offensive Midfielder",Right,183.00,80.00,2,29,3,6,6,1,80,"Casa Pia Atlético Clube"
38,Ângelo,Neto,1991-09-02,Brazil,"Central Midfielder",Right,181.00,78.00,2,31,1,1,13,0,8,"Casa Pia Atlético Clube"
39,Beni,Mukendi,2002-05-21,Angola,"Central Midfielder",Right,180.00,73.00,2,25,0,3,9,1,16,"Casa Pia Atlético Clube"
40,Telasco,Segovia,2003-04-02,Venezuela,"Central Midfielder",Right,180.00,76.00,2,16,0,1,4,0,21,"Casa Pia Atlético Clube"
41,Samuel,Justo,2004-04-02,Portugal,"Central Midfielder",Right,178.00,70.00,2,21,1,1,1,0,96,"Casa Pia Atlético Clube"
42,Rúben,Lameiras,1994-12-22,Portugal,"Right Winger",Left,174.00,66.00,2,20,0,1,4,0,10,"Casa Pia Atlético Clube"
43,Artur,Serobyan,2003-07-02,Armenia,"Right Winger",Left,181.00,73.00,2,2,0,0,1,0,22,"Casa Pia Atlético Clube"
44,Tiago,Dias,1998-05-04,Portugal,"Left Winger",Left,175.00,67.00,2,19,1,1,1,0,77,"Casa Pia Atlético Clube"
45,Jair,Brito,2001-04-15,Brazil,"Left Winger",Left,177.00,73.00,2,12,0,0,0,0,79,"Casa Pia Atlético Clube"
46,Felippe,Cardoso,1998-10-04,Brazil,Striker,Right,187.00,83.00,2,29,6,0,7,0,30,"Casa Pia Atlético Clube"
47,Clayton,Silva,1999-01-11,Brazil,Striker,Right,184.00,88.00,2,17,0,0,4,0,99,"Casa Pia Atlético Clube"
49,André,Lacximicant,2001-05-19,Portugal,"Left Winger",Left,188.00,76.00,2,13,1,1,0,0,9,"Casa Pia Atlético Clube"
50,Yuki,Soma,1997-02-25,Japan,"Right Winger",Right,166.00,59.00,2,18,5,1,3,0,11,"Casa Pia Atlético Clube"
51,Fernando,Andrade,1993-01-08,Brazil,"Left Winger",Right,182.00,78.00,2,20,2,1,0,0,23,"Casa Pia Atlético Clube"
52,Dida,Santos,1998-04-28,Brazil,Goalkeeper,Right,188.00,74.00,3,5,0,0,0,1,98,"Clube de Futebol Estrela da Amadora"
53,António,Filipe,1985-04-14,Portugal,Goalkeeper,Left,186.00,82.00,3,3,0,0,0,0,1,"Clube de Futebol Estrela da Amadora"
54,Bruno,Brígido,1991-03-09,Brazil,Goalkeeper,Right,188.00,80.00,3,26,0,0,0,0,30,"Clube de Futebol Estrela da Amadora"
55,Edmilson,Cambila,2002-05-16,Angola,Goalkeeper,Right,187.00,80.00,3,1,0,0,0,0,89,"Clube de Futebol Estrela da Amadora"
56,Nanu,Gomes,1994-05-17,Guinea-Bissau,"Right Back",Right,177.00,69.00,3,12,0,1,2,0,31,"Clube de Futebol Estrela da Amadora"
57,Rúben,Lima,1989-10-03,Portugal,"Left Back",Left,177.00,69.00,3,14,0,1,3,0,28,"Clube de Futebol Estrela da Amadora"
58,Hevertton,Santos,2001-02-01,Brazil,"Right Back",Right,183.00,69.00,3,28,0,1,3,1,27,"Clube de Futebol Estrela da Amadora"
59,Diogo,Fonseca,2002-04-10,Portugal,"Center Back",Right,191.00,78.00,3,5,0,0,1,0,3,"Clube de Futebol Estrela da Amadora"
60,Pedro,Mendes,1990-10-01,Portugal,"Center Back",Right,186.00,78.00,3,13,0,0,0,0,5,"Clube de Futebol Estrela da Amadora"
61,Johnstone,Omurwa,1998-09-01,Kenya,"Center Back",Right,183.00,73.00,3,15,0,0,3,0,2,"Clube de Futebol Estrela da Amadora"
62,Kialonda,Gaspar,1997-09-27,Angola,"Center Back",Right,193.00,90.00,3,27,1,0,9,0,4,"Clube de Futebol Estrela da Amadora"
63,Miguel,Lopes,1986-12-19,Portugal,"Right Back",Right,183.00,80.00,3,17,0,0,2,1,13,"Clube de Futebol Estrela da Amadora"
64,Erivaldo,Almeida,2000-01-15,Brazil,"Center Back",Left,189.00,76.00,3,7,0,1,1,0,14,"Clube de Futebol Estrela da Amadora"
65,Mansur,Santos,1993-04-17,Brazil,"Center Back",Left,182.00,76.00,3,20,0,0,6,2,70,"Clube de Futebol Estrela da Amadora"
66,Nilton,Varela,2001-05-25,Portugal,"Left Back",Left,182.00,78.00,3,12,0,0,2,0,75,"Clube de Futebol Estrela da Amadora"
67,Jean,Felipe,1994-05-18,Brazil,"Right Back",Right,179.00,73.00,3,23,1,2,0,0,12,"Clube de Futebol Estrela da Amadora"
68,Nkanyiso,Shinga,2000-03-30,"South Africa","Right Back",Left,175.00,72.00,3,10,0,0,0,0,25,"Clube de Futebol Estrela da Amadora"
69,João,Reis,1992-06-24,Portugal,"Left Back",Left,174.00,66.00,3,19,0,1,3,0,17,"Clube de Futebol Estrela da Amadora"
70,Aloísio,Souza,1996-05-03,Brazil,"Defensive Midfielder",Right,180.00,76.00,3,14,0,1,6,0,6,"Clube de Futebol Estrela da Amadora"
71,Pedro,Sá,1993-12-01,Portugal,"Defensive Midfielder",Left,177.00,73.00,3,18,0,0,1,0,21,"Clube de Futebol Estrela da Amadora"
72,Manuel,Keliano,2003-01-16,Angola,"Defensive Midfielder",Right,185.00,79.00,3,9,0,0,0,0,23,"Clube de Futebol Estrela da Amadora"
73,Victor,Ferreira,1997-09-18,Portugal,"Central Midfielder",Left,180.00,74.00,3,9,0,0,0,0,18,"Clube de Futebol Estrela da Amadora"
74,Leonel,Bucca,1999-03-20,Argentina,"Central Midfielder",Left,190.00,82.00,3,15,1,0,4,0,26,"Clube de Futebol Estrela da Amadora"
75,Tashan,Oakley-Boothe,2000-02-14,England,"Central Midfielder",Right,182.00,70.00,3,2,1,0,0,0,80,"Clube de Futebol Estrela da Amadora"
76,Léo,Jabá,1998-08-02,Brazil,"Right Wing",Right,178.00,73.00,3,31,5,5,3,0,8,"Clube de Futebol Estrela da Amadora"
77,Ronald,Pereira,2001-06-14,Brazil,"Right Wing",Right,177.00,69.00,3,17,1,2,4,0,90,"Clube de Futebol Estrela da Amadora"
78,Ronaldo,Tavares,1997-07-22,Portugal,Striker,Right,194.00,90.00,3,12,1,0,2,0,9,"Clube de Futebol Estrela da Amadora"
79,Rodrigo,Pinho,1991-05-30,Brazil,Striker,Left,185.00,79.00,3,8,1,1,2,0,20,"Clube de Futebol Estrela da Amadora"
80,Kikas,Rodrigues,1998-09-17,Portugal,Striker,Right,177.00,73.00,3,31,8,1,4,0,29,"Clube de Futebol Estrela da Amadora"
81,Alioune,Ndour,2001-03-03,Senegal,Striker,Right,188.00,80.00,3,9,0,1,1,0,61,"Clube de Futebol Estrela da Amadora"
82,Régis,N'do,2001-02-25,"Burkina Faso","Right Wing",Left,181.00,76.00,3,23,1,1,7,1,7,"Clube de Futebol Estrela da Amadora"
83,Gustavo,Henrique,1999-05-24,Brazil,"Left Wing",Right,176.00,70.00,3,4,0,0,0,0,11,"Clube de Futebol Estrela da Amadora"
84,André,Luiz,2002-02-23,Brazil,Striker,Right,185.00,79.00,3,27,4,0,2,0,10,"Clube de Futebol Estrela da Amadora"
85,Marcelo,Carné,1990-02-06,Brazil,Goalkeeper,Right,188.00,92.00,4,22,0,0,3,1,31,"Grupo Desportivo Estoril Praia"
86,Dani,Figueira,1998-07-20,Portugal,Goalkeeper,Right,189.00,84.00,4,12,0,0,1,0,99,"Grupo Desportivo Estoril Praia"
87,Wagner,Pina,2002-11-03,"Cape Verde","Right Back",Right,180.00,66.00,4,22,0,1,3,0,79,"Grupo Desportivo Estoril Praia"
88,Raúl,Parra,1999-11-26,Spain,"Right Back",Right,187.00,79.00,4,13,1,1,1,0,2,"Grupo Desportivo Estoril Praia"
89,Bernardo,Vital,2000-12-29,Portugal,"Center Back",Right,187.00,77.00,4,29,1,0,5,1,3,"Grupo Desportivo Estoril Praia"
90,Volnei,Feltes,2000-04-15,Brazil,"Center Back",Right,188.00,82.00,4,21,0,2,4,0,5,"Grupo Desportivo Estoril Praia"
91,João,Basso,1997-01-13,Brazil,"Center Back",Right,187.00,79.00,4,14,1,0,2,0,13,"Grupo Desportivo Estoril Praia"
92,Erick,Cabaco,1995-04-19,Uruguay,"Center Back",Right,185.00,78.00,4,6,0,0,0,0,18,"Grupo Desportivo Estoril Praia"
93,Eliaquim,Mangala,1991-02-13,France,"Center Back",Left,188.00,80.00,4,17,1,0,3,0,22,"Grupo Desportivo Estoril Praia"
94,Pedro,Álvaro,2000-03-02,Portugal,"Center Back",Right,187.00,88.00,4,20,0,1,6,1,23,"Grupo Desportivo Estoril Praia"
95,Tiago,Araújo,2001-03-27,Portugal,"Left Back",Left,184.00,80.00,4,29,2,1,4,1,78,"Grupo Desportivo Estoril Praia"
96,Mor,Ndiaye,2000-11-22,Senegal,"Defensive Midfielder",Right,185.00,72.00,4,8,0,0,2,0,64,"Grupo Desportivo Estoril Praia"
97,Ivan,Pavlic,2001-11-10,Netherlands,"Offensive Midfielder",Right,185.00,75.00,4,5,0,0,0,0,28,"Grupo Desportivo Estoril Praia"
98,João,Marques,2002-02-13,Portugal,"Offensive Midfielder",Right,179.00,73.00,4,32,5,5,8,0,33,"Grupo Desportivo Estoril Praia"
99,Alex,Soares,1991-03-01,Portugal,"Central Midfielder",Right,179.00,73.00,4,5,0,0,0,0,6,"Grupo Desportivo Estoril Praia"
100,Vinícius,Zanocelo,2001-01-30,Brazil,"Central Midfielder",Right,185.00,80.00,4,15,1,0,3,0,7,"Grupo Desportivo Estoril Praia"
101,Jordan,Holsgrove,1999-09-10,Scotland,"Central Midfielder",Left,180.00,72.00,4,15,2,2,6,1,8,"Grupo Desportivo Estoril Praia"
102,Michel,Costa,2001-12-20,Brazil,"Central Midfielder",Left,165.00,57.00,4,13,0,1,0,0,48,"Grupo Desportivo Estoril Praia"
103,Mateus,Fernandes,2004-07-10,Portugal,"Central Midfielder",Right,178.00,73.00,4,29,1,2,6,0,82,"Grupo Desportivo Estoril Praia"
104,Rafik,Guitane,1999-05-26,Argelia,"Right Winger",Left,170.00,64.00,4,33,5,3,0,0,10,"Grupo Desportivo Estoril Praia"
105,Heriberto,Tavares,1997-02-19,Portugal,"Right Winger",Left,181.00,66.00,4,31,2,0,5,0,91,"Grupo Desportivo Estoril Praia"
106,Fabrício,Garcia,2001-05-04,"Cape Verde","Right Winger",Left,181.00,66.00,4,31,2,0,5,0,91,"Grupo Desportivo Estoril Praia"
107,Rodrigo,Gomes,2003-07-07,Portugal,"Left Winger",Left,172.00,64.00,4,10,2,0,1,0,98,"Grupo Desportivo Estoril Praia"
108,Alejandro,Marqués,2000-08-04,Venezuela,Striker,Right,189.00,76.00,4,31,9,1,3,0,9,"Grupo Desportivo Estoril Praia"
109,Cassiano,Moreira,1989-06-16,Brazil,Striker,Right,184.00,87.00,4,29,7,3,2,0,11,"Grupo Desportivo Estoril Praia"
110,João,Carlos,1995-03-01,Brazil,Striker,Right,187.00,90.00,4,20,2,0,4,0,20,"Grupo Desportivo Estoril Praia"
111,Nemanja,Jovic,2002-08-08,Serbia,"Left Winger",Right,178.00,70.00,4,2,0,0,0,0,29,"Grupo Desportivo Estoril Praia"
112,João,Valido,2000-03-03,Portugal,Goalkeeper,Right,185.00,79.00,5,1,0,0,0,0,1,"Futebol Clube de Arouca"
113,Thiago,Rodrigues,1996-06-12,Brazil,Goalkeeper,Right,188.00,80.00,5,2,0,0,0,0,16,"Futebol Clube de Arouca"
114,Ignacio,"De Arruabarrena",1997-01-16,Uruguay,Goalkeeper,Right,184.00,78.00,5,31,0,0,1,0,12,"Futebol Clube de Arouca"
115,Bogdan,Milovanov,1998-04-19,Ukraine,"Right Back",Right,178.00,73.00,5,22,0,0,4,0,22,"Futebol Clube de Arouca"
116,Bogdan,Milovanov,1998-04-19,Ukraine,"Right Back",Right,178.00,73.00,5,22,0,0,4,0,22,"Futebol Clube de Arouca"
117,Rafael,Fernandes,2002-06-28,Portugal,"Center Back",Right,191.00,83.00,5,11,0,0,2,1,64,"Futebol Clube de Arouca"
118,Tiago,Esgaio,1995-08-01,Portugal,"Right Back",Right,175.00,77.00,5,28,2,3,4,0,28,"Futebol Clube de Arouca"
119,Nino,Galovic,1992-07-06,Croatia,"Center Back",Right,184.00,82.00,5,18,0,1,2,0,44,"Futebol Clube de Arouca"
120,Robson,Bambu,1997-11-12,Brazil,"Center Back",Right,185.00,69.00,5,10,0,0,1,0,3,"Futebol Clube de Arouca"
121,Javi,Montero,1999-01-14,Spain,"Center Back",Left,185.00,77.00,5,29,1,1,9,0,4,"Futebol Clube de Arouca"
122,Matías,Rocha,2001-02-13,Uruguay,"Center Back",Right,183.00,80.00,5,11,1,0,1,1,13,"Futebol Clube de Arouca"
123,Mateus,Quaresma,1996-08-22,Brazil,"Left Back",Left,181.00,76.00,5,6,0,1,1,0,6,"Futebol Clube de Arouca"
124,Yanis,Hamache,1999-07-13,Argelia,"Left Back",Left,177.00,73.00,5,2,0,0,0,0,25,"Futebol Clube de Arouca"
125,Weverson,Costa,2000-07-05,Brazil,"Left Back",Left,185.00,73.00,5,26,1,1,3,0,26,"Futebol Clube de Arouca"
126,Oriol,Busquets,1999-01-20,Spain,"Defensive Midfielder",Right,185.00,79.00,5,18,0,0,2,0,14,"Futebol Clube de Arouca"
127,Yaw,Moses,1999-01-07,Ghana,"Central Midfielder",Right,170.00,64.00,5,3,0,0,0,0,17,"Futebol Clube de Arouca"
128,Eboué,Kouassi,1997-12-13,"Ivory Coast","Defensive Midfielder",Right,185.00,75.00,5,25,0,0,4,1,8,"Futebol Clube de Arouca"
129,Pedro,Moreira,1989-03-15,Portugal,"Defensive Midfielder",Right,182.00,77.00,5,5,0,0,1,0,8,"Futebol Clube de Arouca"
130,David,Simão,1990-05-15,Portugal,"Central Midfielder",Left,183.00,80.00,5,32,0,7,9,1,5,"Futebol Clube de Arouca"
131,Morlaye,Sylla,1998-07-27,Guinea,"Central Midfielder",Right,170.00,62.00,5,32,3,5,9,0,2,"Futebol Clube de Arouca"
132,Victor,Oliveira,2000-01-04,Brazil,"Central Midfielder",Right,175.00,65.00,5,7,0,0,0,0,43,"Futebol Clube de Arouca"
133,Pedro,Santos,2000-10-12,Portugal,"Central Midfielder",Right,183.00,73.00,5,28,1,0,6,0,89,"Futebol Clube de Arouca"
134,Jason,Remeseiro,1994-07-06,Spain,"Right Winger",Right,178.00,72.00,5,34,6,5,4,0,10,"Futebol Clube de Arouca"
135,Yusuf,Lawal,1998-03-23,Nigeria,"Left Winger",Right,175.00,70.00,5,17,0,1,1,0,7,"Futebol Clube de Arouca"
136,Alfonso,Trezza,1999-06-22,Uruguay,"Right Winger",Right,166.00,63.00,5,24,0,0,5,0,9,"Futebol Clube de Arouca"
137,André,Bukia,1995-03-03,"Dem. Rep. of Congo","Right Winger",Left,173.00,58.00,5,10,1,1,0,0,30,"Futebol Clube de Arouca"
138,Uladzislau,Marozau,2000-10-12,Belarus,Striker,Left,188.00,84.00,5,3,0,0,0,0,15,"Futebol Clube de Arouca"
139,Rafa,Mujica,1998-10-29,Spain,Striker,Right,183.00,73.00,5,30,20,3,4,1,19,"Futebol Clube de Arouca"
140,Miguel,Puche,2001-04-30,Spain,"Left Winger",Right,180.00,75.00,5,23,0,0,0,0,11,"Futebol Clube de Arouca"
141,Cristo,González,1997-10-24,Spain,"Left Winger",Right,178.00,80.00,5,34,15,9,4,0,23,"Futebol Clube de Arouca"
142,Ivan,Zlobin,1997-03-07,Russia,Goalkeeper,Right,191.00,84.00,6,1,0,0,1,0,1,"Futebol Clube de Famalicão"
143,Luiz,Júnior,2001-01-14,Brazil,Goalkeeper,Left,192.00,96.00,6,33,0,0,2,0,31,"Futebol Clube de Famalicão"
144,Nathan,Santos,2001-09-05,Brazil,"Right Back",Right,183.00,80.00,6,16,0,0,8,0,22,"Futebol Clube de Famalicão"
145,Martín,Aguirregabiria,1996-05-10,Spain,"Right Back",Right,178.00,74.00,6,24,0,0,4,0,32,"Futebol Clube de Famalicão"
146,Enea,Mihaj,1998-07-05,Albania,"Center Back",Right,186.00,81.00,6,18,0,0,5,0,4,"Futebol Clube de Famalicão"
147,Otávio,Ataíde,2002-04-21,Brazil,"Center Back",Left,187.00,81.00,6,29,2,1,7,0,13,"Futebol Clube de Famalicão"
148,Riccieli,Júnior,1998-09-17,Brazil,"Center Back",Left,184.00,76.00,6,24,1,1,7,2,15,"Futebol Clube de Famalicão"
149,Justin,"de Haas",2000-02-01,Netherlands,"Center Back",Left,194.00,87.00,6,22,1,0,5,1,16,"Futebol Clube de Famalicão"
150,Francisco,Moura,1999-08-16,Portugal,"Left Back",Left,182.00,80.00,6,33,1,4,7,0,74,"Futebol Clube de Famalicão"
151,Mirko,Topic,2001-02-05,Serbia,"Defensive Midfielder",Right,190.00,84.00,6,32,0,2,6,0,8,"Futebol Clube de Famalicão"
152,Gustavo,Assunção,2000-03-30,Brazil,"Defensive Midfielder",Right,178.00,70.00,6,20,0,0,5,1,12,"Futebol Clube de Famalicão"
153,Zaydou,Youssouf,1999-07-11,France,"Defensive Midfielder",Left,182.00,77.00,6,32,2,1,10,1,28,"Futebol Clube de Famalicão"
154,Otso,Liimatta,2004-07-10,Finland,"Offensive Midfielder",Right,169.00,63.00,6,12,0,0,0,0,18,"Futebol Clube de Famalicão"
155,Gustavo,Sá,2004-11-11,Portugal,"Offensive Midfielder",Right,189.00,83.00,6,28,3,5,6,0,20,"Futebol Clube de Famalicão"
156,Tom,Lacoux,2002-01-25,France,"Central Midfielder",Right,182.00,76.00,6,9,0,0,1,0,6,"Futebol Clube de Famalicão"
157,Filipe,Soares,1999-05-20,Portugal,"Central Midfielder",Right,180.00,72.00,6,0,0,0,2,0,19,"Futebol Clube de Famalicão"
158,Óscar,Aranda,2002-04-29,Spain,"Right Winger",Right,181.00,84.00,6,21,1,0,3,0,11,"Futebol Clube de Famalicão"
159,Alex,Dobre,1998-08-30,Romania,"Left Winger",Right,185.00,77.00,6,14,0,0,0,0,23,"Futebol Clube de Famalicão"
160,Marcos,Sorriso,2001-02-23,Brazil,"Left Winger",Right,175.00,67.00,6,15,1,2,1,0,77,"Futebol Clube de Famalicão"
161,Théo,Fonseca,2000-06-11,Portugal,"Right Winger",Right,178.00,66.00,6,14,2,0,0,0,95,"Futebol Clube de Famalicão"
162,Henrique,Araújo,2002-01-19,Portugal,Striker,Right,182.00,78.00,6,20,0,0,1,0,9,"Futebol Clube de Famalicão"
163,Jhonder,Cádiz,1995-07-29,Venezuela,Striker,Right,190.00,84.00,6,30,15,0,9,1,29,"Futebol Clube de Famalicão"
164,Puma,Rodríguez,1998-06-19,Panama,"Left Winger",Left,180.00,76.00,6,23,1,5,3,1,7,"Futebol Clube de Famalicão"
165,Chiquinho,Oliveira,2000-02-05,Portugal,"Left Winger",Right,179.00,66.00,6,27,5,3,11,1,10,"Futebol Clube de Famalicão"
166,Cláudio,Ramos,1991-11-16,Portugal,Goalkeeper,Right,183.00,83.00,7,2,0,0,0,0,14,"Futebol Clube do Porto"
167,Diogo,Costa,1999-09-19,Portugal,Goalkeeper,Right,186.00,82.00,7,33,0,0,0,1,99,"Futebol Clube do Porto"
168,Jorge,Sánchez,1997-12-10,Mexico,"Right Back",Right,175.00,69.00,7,14,0,2,3,0,15,"Futebol Clube do Porto"
169,João,Mário,2000-01-03,Portugal,"Right Back",Right,178.00,66.00,7,27,2,1,5,0,23,"Futebol Clube do Porto"
170,Martim,Fernandes,2006-01-18,Portugal,"Right Back",Right,181.00,69.00,7,4,0,1,1,0,52,"Futebol Clube do Porto"
171,Fábio,Cardoso,1994-04-19,Portugal,"Center Back",Right,187.00,82.00,7,18,1,2,4,2,2,"Futebol Clube do Porto"
172,Pepe,Ferreira,1983-02-26,Portugal,"Center Back",Right,187.00,79.00,7,22,1,1,4,2,3,"Futebol Clube do Porto"
173,David,Carmo,1999-07-19,Angola,"Center Back",Left,196.00,84.00,7,7,0,0,6,1,4,"Futebol Clube do Porto"
174,Iván,Marcano,1987-06-23,Spain,"Center Back",Left,189.00,82.00,7,5,2,0,1,0,5,"Futebol Clube do Porto"
175,Otávio,Ataíde,2002-04-21,Brazil,"Center Back",Left,187.00,81.00,7,29,2,1,7,0,31,"Futebol Clube do Porto"
176,Zé,Pedro,1997-06-06,Portugal,"Center Back",Right,187.00,84.00,7,12,2,0,1,0,97,"Futebol Clube do Porto"
177,João,Mendes,2000-04-13,Portugal,"Left Back",Right,179.00,73.00,7,5,0,1,0,0,55,"Futebol Clube do Porto"
178,Zaidu,Sanusi,1997-06-13,Nigeria,"Left Back",Left,182.00,74.00,7,5,1,0,0,0,12,"Futebol Clube do Porto"
179,Wendell,Borges,1993-07-20,Brazil,"Left Back",Left,178.00,72.00,7,25,4,2,11,1,18,"Futebol Clube do Porto"
180,Marko,Grujic,1996-04-13,Serbia,"Defensive Midfielder",Right,191.00,78.00,7,10,0,1,1,0,8,"Futebol Clube do Porto"
181,Alan,Varela,2001-07-04,Argentina,"Defensive Midfielder",Right,177.00,74.00,7,30,2,3,8,0,22,"Futebol Clube do Porto"
182,Pepê,Gabriel,1997-02-24,Brazil,"Offensive Midfielder",Right,175.00,69.00,7,34,4,6,4,0,11,"Futebol Clube do Porto"
183,Iván,Jaime,2000-09-26,Spain,"Offensive Midfielder",Right,180.00,73.00,7,21,1,0,0,0,17,"Futebol Clube do Porto"
184,André,Franco,1998-04-12,Portugal,"Offensive Midfielder",Left,177.00,73.00,7,15,0,1,1,0,20,"Futebol Clube do Porto"
185,Stephen,Eustáquio,1996-12-21,Canada,"Central Midfielder",Right,177.00,70.00,7,28,2,2,3,0,6,"Futebol Clube do Porto"
186,Nico,González,2002-01-03,Spain,"Central Midfielder",Right,188.00,90.00,7,25,2,1,7,0,16,"Futebol Clube do Porto"
187,Romário,Baró,2000-01-25,Portugal,"Central Midfielder",Right,180.00,66.00,7,10,0,0,0,0,28,"Futebol Clube do Porto"
188,Francisco,Conceição,2002-12-14,Portugal,"Right Winger",Left,169.00,64.00,7,27,5,4,11,1,10,"Futebol Clube do Porto"
189,Gonçalo,Borges,2001-03-29,Portugal,"Right Winger",Right,184.00,69.00,7,17,0,2,2,0,70,"Futebol Clube do Porto"
190,Mehdi,Taremi,1992-07-18,Iran,Striker,Right,187.00,83.00,7,23,6,4,3,0,9,"Futebol Clube do Porto"
191,Danny,Namaso,2000-08-28,England,Striker,Right,182.00,80.00,7,16,1,2,1,0,19,"Futebol Clube do Porto"
192,Toni,Martínez,1997-06-30,Spain,Striker,Right,187.00,83.00,7,20,4,0,3,0,29,"Futebol Clube do Porto"
193,Evanilson,Barbosa,1999-10-06,Brazil,Striker,Right,183.00,80.00,7,27,13,4,5,1,30,"Futebol Clube do Porto"
194,Wenderson,Galeno,1997-10-22,Brazil,"Left Winger",Right,179.00,69.00,7,31,9,7,5,0,13,"Futebol Clube do Porto"
195,Fabijan,Buntić,1997-02-24,Croatia,Goalkeeper,Left,194.00,86.00,8,28,0,0,1,0,97,"Futebol Clube de Vizela"
196,Francesco,Ruberto,1993-03-19,Italia,Goalkeeper,Right,184.00,80.00,8,7,0,0,2,0,1,"Futebol Clube de Vizela"
197,Jota,Gonçalves,2000-06-17,Portugal,"Center Back",Right,186.00,76.00,8,18,0,0,3,0,4,"Futebol Clube de Vizela"
198,Hugo,Oliveira,2002-02-10,Portugal,"Right Back",Right,174.00,67.00,8,14,1,3,0,0,2,"Futebol Clube de Vizela"
199,Tomás,Silva,1999-10-15,Portugal,"Right Back",Right,172.00,64.00,8,30,0,2,1,1,82,"Futebol Clube de Vizela"
200,Bruno,Wilson,1996-12-27,Portugal,"Center Back",Right,192.00,78.00,8,16,0,0,1,1,3,"Futebol Clube de Vizela"
201,Anderson,Jesus,1995-03-02,Brazil,"Center Back",Right,186.00,73.00,8,14,0,0,5,0,5,"Futebol Clube de Vizela"
202,Rodrigo,Escoval,1997-05-08,Portugal,"Center Back",Right,188.00,82.00,8,19,0,1,7,0,25,"Futebol Clube de Vizela"
203,Matheus,Pereira,2000-12-21,Brazil,"Left Back",Left,172.00,68.00,8,30,3,2,10,0,6,"Futebol Clube de Vizela"
204,Orest,Lebedenko,1998-09-23,Ukraine,"Left Back",Left,176.00,69.00,8,23,2,1,3,0,19,"Futebol Clube de Vizela"
205,Aleksandar,Busnić,1997-12-04,Serbia,"Defensive Midfielder",Right,191.00,76.00,8,19,0,0,3,0,22,"Futebol Clube de Vizela"
206,Alex,Méndez,2000-09-06,"United States of America","Offensive Midfielder",Left,178.00,70.00,8,12,0,1,1,0,8,"Futebol Clube de Vizela"
207,Domingos,Quina,1999-11-18,Portugal,"Offensive Midfielder",Right,173.00,60.00,8,13,0,3,2,0,10,"Futebol Clube de Vizela"
208,Samu,Silva,1996-04-21,Portugal,"Offensive Midfielder",Left,170.00,66.00,8,32,4,2,7,0,20,"Futebol Clube de Vizela"
209,Osama,Rashid,1992-01-13,Iraq,"Offensive Midfielder",Right,178.00,70.00,8,7,0,0,0,0,23,"Futebol Clube de Vizela"
210,Rafael,Bustamante,1999-10-02,Colombia,"Central Midfielder",Right,175.00,77.00,8,3,0,0,2,0,12,"Futebol Clube de Vizela"
211,Bruno,Costa,1997-04-19,Portugal,"Central Midfielder",Right,174.00,68.00,8,8,0,0,2,0,28,"Futebol Clube de Vizela"
212,Pedro,Ortiz,2000-08-19,Spain,"Central Midfielder",Left,184.00,80.00,8,15,0,0,7,0,34,"Futebol Clube de Vizela"
213,Diogo,Nascimento,2002-11-02,Portugal,"Central Midfielder",Right,166.00,61.00,8,34,0,1,4,0,90,"Futebol Clube de Vizela"
214,Alberto,Soro,1999-03-09,Spain,"Right Winger",Left,173.00,66.00,8,21,4,1,3,0,29,"Futebol Clube de Vizela"
215,Jardel,Silva,1997-09-22,Guinea-Bissau,Striker,Right,184.00,78.00,8,13,0,1,0,0,7,"Futebol Clube de Vizela"
216,Sava,Petrov,1998-06-18,Serbia,Striker,Right,190.00,84.00,8,9,2,0,2,1,9,"Futebol Clube de Vizela"
217,Samuel,Essende,1998-01-23,"Dem. Rep. of Congo",Striker,Right,192.00,88.00,8,31,15,1,5,0,99,"Futebol Clube de Vizela"
218,Dylan,Saint-Louis,1995-04-26,Congo,"Left Winger",Right,184.00,77.00,8,16,1,0,1,0,14,"Futebol Clube de Vizela"
219,Matías,Lacava,2002-10-24,Venezuela,"Left Winger",Left,167.00,69.00,8,8,0,3,7,2,17,"Futebol Clube de Vizela"
220,Nuno,Moreira,1999-06-16,Portugal,"Left Winger",Right,175.00,65.00,8,30,2,3,3,0,79,"Futebol Clube de Vizela"
221,Hugo,Souza,1999-01-31,Brazil,Goalkeeper,Right,199.00,92.00,9,15,0,0,5,0,1,"Grupo Desportivo de Chaves"
222,Gonçalo,Pinto,2000-04-30,Portugal,Goalkeeper,Right,194.00,88.00,9,1,0,0,0,0,30,"Grupo Desportivo de Chaves"
223,Rodrigo,Moura,1996-01-25,Brazil,Goalkeeper,Right,198.00,100.00,9,7,0,0,0,0,31,"Grupo Desportivo de Chaves"
224,Habib,Sylla,1999-02-12,"Ivory Coast","Right Back",Right,182.00,72.00,9,7,0,0,2,0,2,"Grupo Desportivo de Chaves"
225,Rui,Carraça,1993-03-01,Portugal,"Right Back",Right,177.00,70.00,9,20,0,0,3,0,27,"Grupo Desportivo de Chaves"
226,João,Correia,1996-09-05,"Cape Verde","Right Back",Right,175.00,63.00,9,30,3,1,8,0,77,"Grupo Desportivo de Chaves"
227,Cafú,Phete,1994-04-04,"South Africa","Center Back",Right,187.00,77.00,9,9,0,0,3,0,6,"Grupo Desportivo de Chaves"
228,Steven,Vitória,1987-01-11,Canada,"Center Back",Right,195.00,87.00,9,20,1,0,5,1,19,"Grupo Desportivo de Chaves"
229,Ygor,Nogueira,1995-03-27,Brazil,"Center Back",Right,187.00,77.00,9,21,0,0,8,3,3,"Grupo Desportivo de Chaves"
230,Bruno,Rodrigues,2001-06-08,Portugal,"Center Back",Right,192.00,78.00,9,17,0,0,4,0,4,"Grupo Desportivo de Chaves"
231,Bruno,Langa,1997-10-31,Mozambique,"Left Back",Left,178.00,72.00,9,15,1,0,5,1,5,"Grupo Desportivo de Chaves"
232,Sandro,Cruz,2001-05-12,Angola,"Left Back",Left,182.00,77.00,9,24,1,0,2,0,33,"Grupo Desportivo de Chaves"
233,Dário,Essugo,2005-03-14,Portugal,"Defensive Midfielder",Right,178.00,80.00,9,18,0,0,3,0,14,"Grupo Desportivo de Chaves"
234,Pedro,Pinho,2000-04-06,Portugal,"Defensive Midfielder",Right,189.00,82.00,9,10,1,0,1,0,18,"Grupo Desportivo de Chaves"
235,Rúben,Ribeiro,1987-08-01,Portugal,"Offensive Midfielder",Right,174.00,62.00,9,23,1,1,7,1,20,"Grupo Desportivo de Chaves"
236,Ricardo,Guima,1995-11-14,Mozambique,"Central Midfielder",Right,181.00,83.00,9,22,0,1,7,0,21,"Grupo Desportivo de Chaves"
237,Kelechi,Nwakali,1998-06-05,Nigeria,"Central Midfielder",Right,184.00,72.00,9,32,1,4,3,0,28,"Grupo Desportivo de Chaves"
238,Hélder,Morim,2001-05-14,Portugal,"Central Midfielder",Left,175.00,65.00,9,18,1,0,2,0,70,"Grupo Desportivo de Chaves"
239,Raphael,Guzzo,1995-01-06,Portugal,"Central Midfielder",Right,178.00,70.00,9,17,2,0,5,0,80,"Grupo Desportivo de Chaves"
240,Benny,Sousa,2000-03-27,Portugal,"Right Winger",Right,178.00,66.00,9,29,1,1,1,0,7,"Grupo Desportivo de Chaves"
241,Rodrigo,Melro,2004-03-14,Portugal,"Right Winger",Right,177.00,67.00,9,1,0,0,0,0,87,"Grupo Desportivo de Chaves"
242,Héctor,Hernández,1995-09-14,Spain,Striker,Right,180.00,75.00,9,32,14,1,1,0,23,"Grupo Desportivo de Chaves"
243,Jô,Batista,1995-05-01,Brazil,Striker,Left,192.00,90.00,9,26,2,4,1,0,99,"Grupo Desportivo de Chaves"
244,Paulo,Victor,1995-05-01,Brazil,Striker,Left,180.00,76.00,9,22,1,1,8,0,9,"Grupo Desportivo de Chaves"
245,Leandro,Sanca,2000-01-04,Portugal,"Left Winger",Right,184.00,74.00,9,31,0,3,3,0,10,"Grupo Desportivo de Chaves"
246,Issah,Abass,1998-09-26,Ghana,"Left Winger",Right,173.00,67.00,9,7,0,2,1,0,11,"Grupo Desportivo de Chaves"
247,Vinícius,Dias,1997-06-19,Brazil,Goalkeeper,Right,188.00,82.00,10,2,0,0,0,0,1,"Gil Vicente Futebol Clube"
248,Andrew,Ventura,2001-07-01,Brazil,Goalkeeper,Right,189.00,76.00,10,32,0,0,0,0,42,"Gil Vicente Futebol Clube"
249,Zé,Carlos,1998-07-31,Portugal,"Right Back",Right,178.00,73.00,10,26,1,2,7,0,2,"Gil Vicente Futebol Clube"
250,Né,Lopes,2000-05-29,Portugal,"Center Back",Right,185.00,77.00,10,5,0,0,0,0,4,"Gil Vicente Futebol Clube"
251,Gabriel,Pereira,2000-05-07,Brazil,"Center Back",Right,188.00,84.00,10,31,4,0,8,0,13,"Gil Vicente Futebol Clube"
252,Rúben,Fernandes,1986-05-06,Portugal,"Center Back",Left,187.00,79.00,10,29,1,0,4,0,26,"Gil Vicente Futebol Clube"
253,Kiko,Pereira,1999-09-08,Portugal,"Left Back",Left,177.00,69.00,10,10,0,0,1,0,5,"Gil Vicente Futebol Clube"
254,Leonardo,Buta,2002-06-05,Portugal,"Left Back",Left,182.00,76.00,10,29,0,1,3,0,23,"Gil Vicente Futebol Clube"
255,Felipe,Silva,2002-02-19,Brazil,"Left Back",Left,188.00,78.00,10,6,0,0,0,0,35,"Gil Vicente Futebol Clube"
256,Roan,Wilson,2002-05-01,"Costa Rica","Center Midfielder",Right,184.00,76.00,10,9,1,0,0,0,14,"Gil Vicente Futebol Clube"
257,Mory,Gbane,2000-12-25,"Ivory Coast","Defensive Midfielder",Right,188.00,82.00,10,28,1,0,8,0,24,"Gil Vicente Futebol Clube"
258,Maxime,Dominguez,1996-02-01,Switzerland,"Offensive Midfielder",Left,173.00,58.00,10,22,6,4,8,0,8,"Gil Vicente Futebol Clube"
259,Kanya,Fujimoto,1999-07-01,Japan,"Offensive Midfielder",Left,176.00,69.00,10,33,3,7,0,0,10,"Gil Vicente Futebol Clube"
260,Jesús,Castillo,2001-06-11,Peru,"Central Midfielder",Right,185.00,80.00,10,11,0,0,1,0,6,"Gil Vicente Futebol Clube"
261,André,Simões,2003-08-17,Portugal,"Central Midfielder",Right,176.00,68.00,10,1,0,0,0,0,16,"Gil Vicente Futebol Clube"
262,Pedro,Tiba,1988-08-31,Portugal,"Central Midfielder",Right,174.00,78.00,10,25,3,2,7,0,25,"Gil Vicente Futebol Clube"
263,Martim,Neto,2003-01-14,Portugal,"Central Midfielder",Right,185.00,82.00,10,29,0,2,7,0,76,"Gil Vicente Futebol Clube"
264,Murilo,Souza,1994-10-31,Brazil,"Right Winger",Left,176.00,71.00,10,19,2,4,3,0,77,"Gil Vicente Futebol Clube"
265,Afonso,Moreira,2005-03-19,Portugal,"Left Winger",Right,176.00,72.00,10,5,0,0,0,0,90,"Gil Vicente Futebol Clube"
266,Ali,Alipour,1995-11-11,Iran,Striker,Right,181.00,77.00,10,19,2,0,1,0,9,"Gil Vicente Futebol Clube"
267,Roko,Baturina,2000-06-20,Croatia,Striker,Left,187.00,90.00,10,15,2,0,0,0,21,"Gil Vicente Futebol Clube"
268,Miguel,Monteiro,2003-07-24,Portugal,Striker,Right,187.00,73.00,10,9,1,2,0,0,27,"Gil Vicente Futebol Clube"
269,Laurindo,Depú,2000-01-08,Angola,Striker,Right,187.00,83.00,10,16,3,0,2,1,29,"Gil Vicente Futebol Clube"
270,Miro,Domingos,2003-04-22,Angola,Striker,Left,184.00,78.00,10,5,0,0,0,0,78,"Gil Vicente Futebol Clube"
271,Tidjany,Touré,2002-07-15,France,"Left Winger",Right,184.00,77.00,10,28,3,0,6,1,7,"Gil Vicente Futebol Clube"
272,Félix,Correia,2001-01-22,Portugal,"Left Winger",Right,178.00,64.00,10,30,5,3,4,0,70,"Gil Vicente Futebol Clube"
273,Mika,Domingues,1991-03-08,Portugal,Goalkeeper,Left,188.00,82.00,11,1,0,0,0,0,12,"Moreirense Futebol Clube"
274,Caio,Secco,1990-12-22,Brazil,Goalkeeper,Right,195.00,92.00,11,4,0,1,0,0,22,"Moreirense Futebol Clube"
275,Kewin,Silva,1995-01-25,Brazil,Goalkeeper,Right,189.00,84.00,11,30,0,0,1,0,40,"Moreirense Futebol Clube"
276,Fabiano,Souza,2000-03-14,Brazil,"Right Back",Right,174.00,69.00,11,25,1,2,5,0,2,"Moreirense Futebol Clube"
277,Dinis,Pinto,2000-08-24,Brazil,"Right Back",Right,178.00,73.00,11,13,0,2,3,0,76,"Moreirense Futebol Clube"
278,Carlos,Ponck,1995-01-13,"Cape Verde","Center Back",Right,183.00,86.00,11,15,0,0,2,0,14,"Moreirense Futebol Clube"
279,Jóbson,Maracás,1994-04-27,Brazil,"Center Back",Right,184.00,76.00,11,29,3,0,6,1,26,"Moreirense Futebol Clube"
280,Marcelo,Ferreira,1989-07-27,Brazil,"Center Back",Right,182.00,74.00,11,26,2,1,4,0,44,"Moreirense Futebol Clube"
281,Gilberto,Batista,2003-12-29,Guinea-Bissau,"Center Back",Right,187.00,73.00,11,4,0,0,0,0,66,"Moreirense Futebol Clube"
282,Godfried,Frimpong,1999-07-21,Netherlands,"Left Back",Left,180.00,70.00,11,31,1,2,2,0,23,"Moreirense Futebol Clube"
283,Rúben,Ismael,1999-03-25,Portugal,"Defensive Midfielder",Right,184.00,74.00,11,18,0,0,5,0,6,"Moreirense Futebol Clube"
284,Pedro,Aparício,1995-08-22,Portugal,"Offensive Midfielder",Right,172.00,66.00,11,14,1,0,2,0,10,"Moreirense Futebol Clube"
285,Alanzinho,Guimarães,2000-03-08,Brazil,"Offensive Midfielder",Right,165.00,57.00,11,33,3,4,5,0,11,"Moreirense Futebol Clube"
286,André,Castro,1988-04-02,Portugal,"Central Midfielder",Right,181.00,77.00,11,17,1,0,1,0,8,"Moreirense Futebol Clube"
287,Lawrence,Ofori,1998-06-28,Ghana,"Central Midfielder",Right,181.00,73.00,11,31,1,2,9,0,80,"Moreirense Futebol Clube"
288,Gonçalo,Franco,2000-11-17,Portugal,"Central Midfielder",Right,176.00,70.00,11,33,2,4,7,0,88,"Moreirense Futebol Clube"
289,Kobamelo,Kodisang,1999-08-28,"South Africa","Right Winger",Right,168.00,62.00,11,31,1,3,0,0,21,"Moreirense Futebol Clube"
290,Hernâni,Infande,2001-04-03,Portugal,"Right Winger",Right,178.00,66.00,11,5,1,0,0,0,28,"Moreirense Futebol Clube"
291,Madson,Silva,1999-08-26,Brazil,"Left Winger",Left,164.00,54.00,11,25,5,1,2,0,31,"Moreirense Futebol Clube"
292,Matheus,Aiás,1996-12-31,Brazil,Striker,Right,176.00,73.00,11,18,2,0,0,0,7,"Moreirense Futebol Clube"
293,Vinicius,Mingotti,2000-01-07,Brazil,Striker,Left,190.00,83.00,11,16,1,0,2,0,32,"Moreirense Futebol Clube"
294,Luís,Asué,2001-07-09,"Equatorial Guinea",Striker,Left,187.00,77.00,11,15,0,0,1,0,9,"Moreirense Futebol Clube"
295,Rodrigo,Macedo,2003-07-09,Portugal,Striker,Right,181.00,73.00,11,5,0,0,0,0,90,"Moreirense Futebol Clube"
296,Jeremy,Antonisse,2002-03-29,Curaçao,"Left Wing",Right,184.00,69.00,11,24,0,1,5,1,17,"Moreirense Futebol Clube"
297,João,Camacho,1994-06-23,Portugal,"Left Wing",Right,174.00,74.00,11,29,4,5,5,0,19,"Moreirense Futebol Clube"
298,Vinicius,Silvestre,1994-03-28,Brazil,Goalkeeper,Right,195.00,87.00,12,14,0,0,1,0,12,"Portimonense Sporting Clube"
299,Kosuke,Nakamura,1995-02-27,Japan,Goalkeeper,Right,185.00,82.00,12,20,0,0,1,0,32,"Portimonense Sporting Clube"
300,Gonçalo,Oliveira,2003-10-23,Portugal,"Right Back",Right,178.00,74.00,12,27,1,1,6,0,27,"Portimonense Sporting Clube"
301,Filipe,Relvas,1999-09-20,Portugal,"Center Back",Left,192.00,87.00,12,32,2,3,4,1,22,"Portimonense Sporting Clube"
302,João,Alemão,2002-11-06,Brazil,"Center Back",Right,194.00,87.00,12,27,2,0,7,0,43,"Portimonense Sporting Clube"
303,Pedrão,Correia,1997-05-03,Brazil,"Center Back",Right,194.00,86.00,12,30,3,1,8,1,44,"Portimonense Sporting Clube"
304,Rafael,Alcobia,2003-06-22,Portugal,"Center Back",Right,193.00,80.00,12,3,0,1,2,1,76,"Portimonense Sporting Clube"
305,Gonçalo,Costa,2000-02-18,Portugal,"Left Back",Left,179.00,73.00,12,33,0,5,0,1,18,"Portimonense Sporting Clube"
306,Moustapha,Seck,1996-02-23,Senegal,"Left Back",Left,176.00,72.00,12,19,0,0,2,0,14,"Portimonense Sporting Clube"
307,Lucas,Ventura,1998-05-19,Brazil,"Defensive Midfielder",Right,180.00,78.00,12,28,1,0,7,0,25,"Portimonense Sporting Clube"
308,Carlinhos,Santos,1994-06-22,Brazil,"Offensive Midfielder",Right,179.00,82.00,12,32,10,6,11,0,11,"Portimonense Sporting Clube"
309,Dener,Clemente,1992-03-13,Brazil,"Central Midfielder",Right,188.00,83.00,12,26,1,1,11,0,13,"Portimonense Sporting Clube"
310,Taichi,Fukui,2004-07-15,Japan,"Central Midfielder",Right,173.00,66.00,12,11,1,1,0,0,8,"Portimonense Sporting Clube"
311,Paulo,Estrela,1999-02-20,Portugal,"Central Midfielder",Right,171.00,65.00,12,18,0,1,1,0,20,"Portimonense Sporting Clube"
312,Sylvester,Jasper,2001-09-13,Bulgaria,"Offensive Midfielder",Right,180.00,75.00,12,24,2,2,2,0,7,"Portimonense Sporting Clube"
313,Hildeberto,Pereira,1996-03-02,"Cape Verde","Right Winger",Right,177.00,80.00,12,16,2,2,4,1,10,"Portimonense Sporting Clube"
314,Hélio,Varela,2002-05-03,"Cape Verde","Right Winger",Right,176.00,69.00,12,33,6,4,7,0,77,"Portimonense Sporting Clube"
315,Midana,Cassamá,2002-08-18,Guinea-Bissau,Striker,Right,185.00,80.00,12,12,1,0,2,1,85,"Portimonense Sporting Clube"
316,Zinho,Hoffmann,2003-05-09,Brazil,"Left Winger",Right,178.00,70.00,12,12,0,0,1,0,99,"Portimonense Sporting Clube"
317,Luan,Campos,2002-03-19,Brazil,"Left Winger",Right,176.00,69.00,12,16,1,0,2,0,28,"Portimonense Sporting Clube"
318,Rodrigo,Martins,1998-09-15,Portugal,"Right Winger",Right,177.00,79.00,12,8,0,0,1,0,70,"Portimonense Sporting Clube"
319,Cezary,Miszta,2001-10-30,Poland,Goalkeeper,Right,193.00,77.00,13,1,0,0,0,0,12,"Rio Ave Futebol Clube"
320,Jhonatan,Luiz,1991-05-08,Brazil,Goalkeeper,Right,189.00,79.00,13,26,0,0,4,0,18,"Rio Ave Futebol Clube"
321,João,Costinha,2000-03-26,Portugal,"Right Back",Right,181.00,78.00,13,34,3,4,4,0,20,"Rio Ave Futebol Clube"
322,Miguel,Nóbrega,2000-04-17,Portugal,"Center Back",Right,190.00,84.00,13,22,1,0,8,0,3,"Rio Ave Futebol Clube"
323,Patrick,William,1997-06-03,Brazil,"Center Back",Right,187.00,77.00,13,20,0,0,5,0,4,"Rio Ave Futebol Clube"
324,Josué,Sá,1992-06-17,Portugal,"Center Back",Right,187.00,79.00,13,20,0,1,6,0,23,"Rio Ave Futebol Clube"
325,Aderllan,Santos,1989-04-09,Brazil,"Center Back",Right,193.00,85.00,13,32,3,0,8,1,33,"Rio Ave Futebol Clube"
326,Renato,Pantalon,1997-10-27,Croatia,"Center Back",Right,194.00,78.00,13,19,1,0,7,1,42,"Rio Ave Futebol Clube"
327,Fábio,Ronaldo,2001-04-28,Portugal,"Right Back",Right,178.00,72.00,13,34,1,3,3,0,77,"Rio Ave Futebol Clube"
328,Mateo,Tanlongo,2003-08-12,Argentina,"Defensive Midfielder",Right,177.00,73.00,13,12,0,1,5,0,5,"Rio Ave Futebol Clube"
329,Adrien,Silva,1989-03-15,Portugal,"Defensive Midfielder",Right,175.00,69.00,13,10,0,0,2,0,15,"Rio Ave Futebol Clube"
330,Bruno,Ventura,2001-02-27,Portugal,"Offensive Midfielder",Right,174.00,67.00,13,13,0,0,1,0,11,"Rio Ave Futebol Clube"
331,Joca,Fernandes,1996-01-30,Portugal,"Right Winger",Right,167.00,63.00,13,12,4,2,2,0,14,"Rio Ave Futebol Clube"
332,Vítor,Gomes,1987-12-25,Portugal,"Central Midfielder",Right,181.00,74.00,13,17,0,0,3,0,8,"Rio Ave Futebol Clube"
333,João,Graça,1987-12-25,Portugal,"Central Midfielder",Right,177.00,69.00,13,28,0,0,10,0,21,"Rio Ave Futebol Clube"
334,Amine,Oudrhiri,1992-11-04,France,"Central Midfielder",Right,184.00,74.00,13,29,1,0,7,0,10,"Rio Ave Futebol Clube"
335,Ukra,Monteiro,1988-03-16,Portugal,"Right Winger",Right,175.00,68.00,13,6,0,0,1,0,17,"Rio Ave Futebol Clube"
336,Zé,Manuel,1990-10-23,Portugal,"Right Winger",Right,181.00,74.00,13,24,2,0,2,0,70,"Rio Ave Futebol Clube"
337,André,Pereira,1995-05-05,Portugal,Striker,Left,188.00,83.00,13,11,1,0,3,0,95,"Rio Ave Futebol Clube"
338,Yakubu,Aziz,1998-11-10,Ghana,Striker,Right,187.00,79.00,13,16,6,2,0,0,81,"Rio Ave Futebol Clube"
339,Emmanuel,Boateng,1996-05-23,Ghana,"Left Winger",Right,175.00,62.00,13,27,7,2,10,2,22,"Rio Ave Futebol Clube"
340,Marious,Vrousai,1998-07-02,Greece,"Left Winger",Right,182.00,77.00,13,14,1,0,0,0,27,"Rio Ave Futebol Clube"
341,Matheus,Magalhães,1992-03-29,Brazil,Goalkeeper,Right,190.00,86.00,14,34,0,0,3,0,1,"Sporting Clube de Braga"
342,Paulo,Oliveira,1992-01-08,Portugal,"Center Back",Right,187.00,81.00,14,20,0,2,6,0,15,"Sporting Clube de Braga"
343,Adrián,Marín,1997-01-09,Spain,"Left Back",Right,181.00,73.00,14,8,0,0,0,0,19,"Sporting Clube de Braga"
344,Víctor,Gómez,2000-04-01,Spain,"Right Back",Right,169.00,63.00,14,30,0,2,3,2,2,"Sporting Clube de Braga"
345,Joe,Mendes,2002-12-31,Sweden,"Right Back",Right,177.00,69.00,14,17,0,2,1,0,17,"Sporting Clube de Braga"
346,Sikou,Niakaté,1999-07-10,Mali,"Center Back",Left,186.00,83.00,14,19,0,0,4,1,4,"Sporting Clube de Braga"
347,Serdar,Saatci,2003-02-14,Turkey,"Center Back",Right,190.00,84.00,14,17,0,2,6,0,5,"Sporting Clube de Braga"
348,José,Fonte,1983-12-22,Portugal,"Center Back",Right,191.00,83.00,14,19,0,0,8,0,6,"Sporting Clube de Braga"
349,Diogo,Fonseca,2002-04-10,Portugal,"Center Back",Right,191.00,78.00,14,5,0,0,0,0,47,"Sporting Clube de Braga"
350,Cristián,Borja,1993-02-18,Colombia,"Left Back",Left,179.00,66.00,14,30,1,5,4,0,26,"Sporting Clube de Braga"
351,Pizzi,Fernandes,1989-10-06,Portugal,"Offensive Midfielder",Right,177.00,73.00,14,29,1,3,1,0,22,"Sporting Clube de Braga"
352,Ali,Al-Musrati,1996-04-06,Lybia,"Defensive Midfielder",Right,189.00,83.00,14,11,3,0,1,0,8,"Sporting Clube de Braga"
353,Vitor,Carvalho,1997-05-27,Brazil,"Defensive Midfielder",Right,183.00,76.00,14,27,1,0,8,0,6,"Sporting Clube de Braga"
354,Rodrigo,Zalazar,1999-08-12,Uruguay,"Offensive Midfielder",Right,178.00,70.00,14,32,6,6,4,0,16,"Sporting Clube de Braga"
355,André,Horta,1996-11-07,Portugal,"Central Midfielder",Right,174.00,67.00,14,14,2,1,0,0,10,"Sporting Clube de Braga"
356,Cher,Ndour,2004-07-27,Italy,"Central Midfielder",Right,190.00,82.00,14,9,1,0,1,0,10,"Sporting Clube de Braga"
357,João,Moutinho,1986-09-08,Portugal,"Central Midfielder",Right,170.00,63.00,14,30,1,1,8,0,28,"Sporting Clube de Braga"
358,André,Castro,1988-04-02,Portugal,"Central Midfielder",Right,181.00,77.00,14,17,1,0,1,0,88,"Sporting Clube de Braga"
359,Simon,Banza,1996-08-13,"Democratic Republic of Congo",Striker,Right,189.00,76.00,14,28,21,5,2,0,23,"Sporting Clube de Braga"
360,Rony,Lopes,1995-12-28,Portugal,"Right Winger",Right,174.00,72.00,14,23,2,1,1,0,20,"Sporting Clube de Braga"
361,Ricardo,Horta,1994-09-15,Portugal,"Right Winger",Right,173.00,58.00,14,28,9,4,3,0,21,"Sporting Clube de Braga"
362,Abel,Ruiz,2000-01-28,Spain,Striker,Right,183.00,78.00,14,30,6,2,5,0,9,"Sporting Clube de Braga"
363,Armindo,Bruma,1994-10-24,Portugal,"Left Winger",Right,173.00,58.00,14,26,6,2,3,0,7,"Sporting Clube de Braga"
364,Roger,Fernandes,2005-11-21,Guinea-Bissau,"Left Winger",Left,166.00,52.00,14,14,2,6,1,0,11,"Sporting Clube de Braga"
365,Álvaro,Djaló,1999-08-16,Spain,"Left Winger",Right,176.00,66.00,14,30,8,5,7,1,14,"Sporting Clube de Braga"
366,Antonio,Adán,1987-05-13,Spain,Goalkeeper,Left,190.00,93.00,15,22,0,0,1,0,1,"Sporting Clube de Portugal"
367,Franco,Israel,2000-04-22,Uruguay,Goalkeeper,Right,190.00,81.00,15,10,0,0,0,0,12,"Sporting Clube de Portugal"
368,Diogo,Pinto,2004-06-18,Portugal,Goalkeeper,Right,194.00,89.00,15,2,0,0,0,0,12,"Sporting Clube de Portugal"
369,Ricardo,Esgaio,1993-05-16,Portugal,"Right Back",Right,172.00,72.00,15,28,0,4,7,0,47,"Sporting Clube de Portugal"
370,Geny,Catamo,2001-01-26,Mozambique,"Right Back",Left,173.00,71.00,15,27,5,3,2,0,21,"Sporting Clube de Portugal"
371,Iván,Fresneda,2004-09-28,Spain,"Right Back",Right,181.00,79.00,15,5,0,0,0,0,22,"Sporting Clube de Portugal"
372,Jeremiah,"St. Juste",1996-10-19,Spain,"Center Back",Right,184.00,79.00,15,11,0,0,3,0,3,"Sporting Clube de Portugal"
373,Eduardo,Quaresma,2002-03-02,Portugal,"Center Back",Right,183.00,79.00,15,20,1,0,2,0,72,"Sporting Clube de Portugal"
374,Sebastián,Coates,1990-10-07,Uruguay,"Center Back",Right,196.00,93.00,15,17,4,0,6,0,4,"Sporting Clube de Portugal"
375,Luís,Neto,1988-05-26,Portugal,"Center Back",Right,185.00,77.00,15,7,0,0,3,0,13,"Sporting Clube de Portugal"
376,Gonçalo,Inácio,2001-08-25,Portugal,"Center Back",Left,185.00,81.00,15,32,1,0,8,1,25,"Sporting Clube de Portugal"
377,Ousmane,Diomande,2003-12-04,"Ivory Coast","Center Back",Right,190.00,86.00,15,26,2,1,7,1,26,"Sporting Clube de Portugal"
378,Nuno,Santos,1995-02-13,Portugal,"Left Back",Left,177.00,71.00,15,31,4,10,6,0,11,"Sporting Clube de Portugal"
379,Matheus,Reis,1995-02-18,Brazil,"Left Back",Left,184.00,80.00,15,27,0,4,2,0,2,"Sporting Clube de Portugal"
380,Morten,Hjulmand,1999-06-25,Denmark,"Defensive Midfielder",Right,185.00,78.00,15,30,3,2,12,0,42,"Sporting Clube de Portugal"
381,Daniel,Bragança,1999-05-27,Portugal,"Central Midfielder",Left,178.00,72.00,15,28,3,2,2,0,23,"Sporting Clube de Portugal"
382,Hidemasa,Morita,1995-05-10,Japan,"Central Midfielder",Right,177.00,72.00,15,29,2,4,3,0,5,"Sporting Clube de Portugal"
383,Marcus,Edwards,1998-12-03,England,"Right Wing",Left,168.00,66.00,15,26,4,4,4,1,10,"Sporting Clube de Portugal"
384,Francisco,Trincão,1999-12-29,Portugal,"Right Wing",Left,184.00,74.00,15,31,9,6,1,0,17,"Sporting Clube de Portugal"
385,Viktor,Gyökeres,1998-06-04,Sweden,Striker,Right,189.00,94.00,15,33,29,9,3,0,9,"Sporting Clube de Portugal"
386,Paulinho,Fernandes,1992-11-09,Portugal,Striker,Left,187.00,84.00,15,31,15,5,1,0,20,"Sporting Clube de Portugal"
387,Pedro,Gonçalves,1998-06-28,Portugal,"Offensive Midfielder",Right,173.00,78.00,15,32,11,12,4,0,8,"Sporting Clube de Portugal"
388,Miguel,Carvalho,1996-06-20,Portugal,Goalkeeper,Right,185.00,78.00,16,2,0,0,0,0,22,"Sporting Clube Farense"
389,Ricardo,Velho,1998-08-20,Portugal,Goalkeeper,Right,188.00,90.00,16,32,0,0,2,0,33,"Sporting Clube Farense"
390,Fran,Delgado,2001-07-11,Spain,"Right Back",Right,181.00,76.00,16,9,0,0,1,0,2,"Sporting Clube Farense"
391,David,Pastor,2000-02-20,Brazil,"Right Back",Right,181.00,78.00,16,30,0,3,9,1,28,"Sporting Clube Farense"
392,Igor,Rossi,1989-03-10,Brazil,"Center Back",Left,189.00,82.00,16,13,0,0,4,0,3,"Sporting Clube Farense"
393,Artur,Jorge,1994-08-14,Portugal,"Center Back",Right,186.00,78.00,16,9,0,0,3,0,4,"Sporting Clube Farense"
394,Zach,Muscat,1993-08-22,Malta,"Center Back",Right,184.00,80.00,16,22,2,0,4,1,6,"Sporting Clube Farense"
395,Gonçalo,Silva,1991-06-04,Portugal,"Center Back",Right,186.00,82.00,16,33,1,0,3,1,37,"Sporting Clube Farense"
396,Talys,Oliveira,1999-02-10,Brazil,"Left Back",Left,181.00,77.00,16,13,0,0,0,0,12,"Sporting Clube Farense"
397,João,Talocha,1989-08-30,Brazil,"Left Back",Left,180.00,76.00,16,26,0,1,3,0,31,"Sporting Clube Farense"
398,Cláudio,Falcão,1994-07-03,Brazil,"Defensive Midfielder",Right,187.00,77.00,16,31,4,1,12,0,29,"Sporting Clube Farense"
399,André,Seruca,2000-10-29,Portugal,"Defensive Midfielder",Right,192.00,84.00,16,6,0,0,0,0,50,"Sporting Clube Farense"
400,Rafael,Barbosa,1996-03-29,Portugal,"Offensive Midfielder",Right,174.00,71.00,16,27,1,1,1,0,8,"Sporting Clube Farense"
401,Jhon,Velásquez,1995-05-02,Colombia,"Offensive Midfielder",Right,174.00,67.00,16,2,0,0,0,0,10,"Sporting Clube Farense"
402,Mattheus,Oliveira,1994-07-07,Brazil,"Offensive Midfielder",Left,186.00,79.00,16,32,5,1,5,1,27,"Sporting Clube Farense"
403,Facundo,Cáseres,2001-05-28,Argentina,"Central Midfielder",Right,178.00,71.00,16,21,0,0,6,1,5,"Sporting Clube Farense"
404,Fabrício,Isidoro,1992-01-28,Brazil,"Central Midfielder",Right,172.00,64.00,16,32,3,1,8,1,14,"Sporting Clube Farense"
405,Vítor,Gonçalves,1992-03-29,Portugal,"Central Midfielder",Right,174.00,70.00,16,24,1,0,0,0,80,"Sporting Clube Farense"
406,Mohamed,Belloumi,2002-06-01,Argelia,"Right Winger",Left,174.00,66.00,16,33,7,4,3,0,62,"Sporting Clube Farense"
407,Bruno,Duarte,1996-03-24,Brazil,Striker,Right,183.00,80.00,16,32,13,3,6,0,62,"Sporting Clube Farense"
408,Zé,Luís,1991-01-24,"Cape Verde",Striker,Left,184.00,88.00,16,15,2,1,2,0,91,"Sporting Clube Farense"
409,Rui,Costa,1996-02-20,Portugal,Striker,Right,179.00,82.00,16,21,3,2,2,0,19,"Sporting Clube Farense"
410,Elves,Baldé,1999-10-02,Guinea-Bissau,"Right Winger",Right,168.00,62.00,16,28,1,3,0,0,7,"Sporting Clube Farense"
411,Marco,Matias,1989-05-10,Portugal,"Left Winger",Right,177.00,73.00,16,33,2,5,4,0,77,"Sporting Clube Farense"
412,Cristian,Ponde,1995-01-26,Portugal,"Right Winger",Right,181.00,75.00,16,14,1,1,0,0,20,"Sporting Clube Farense"
413,Anatoliy,Trubin,2001-08-01,Ukraine,Goalkeeper,Right,199.00,86.00,17,28,0,0,1,0,1,"Sport Lisboa e Benfica"
414,Samuel,Soares,2002-06-15,Portugal,Goalkeeper,Right,190.00,94.00,17,5,0,0,0,0,24,"Sport Lisboa e Benfica"
415,Alexander,Bah,1997-12-09,Denmark,"Right Back",Right,183.00,77.00,17,19,2,3,3,0,6,"Sport Lisboa e Benfica"
416,Tomás,Araújo,2002-05-16,Portugal,"Center Back",Right,187.00,81.00,17,13,1,0,0,0,44,"Sport Lisboa e Benfica"
417,António,Silva,2003-10-30,Portugal,"Center Back",Right,187.00,82.00,17,30,2,0,6,0,4,"Sport Lisboa e Benfica"
418,Felipe,Morato,2001-06-30,Brazil,"Center Back",Left,192.00,90.00,17,21,0,1,2,0,5,"Sport Lisboa e Benfica"
419,Nicolás,Otamendi,1988-02-12,Argentina,"Center Back",Right,183.00,80.00,17,31,2,1,11,1,30,"Sport Lisboa e Benfica"
420,Álvaro,Carreras,2003-03-23,Spain,"Left Back",Left,186.00,78.00,17,11,1,0,1,0,3,"Sport Lisboa e Benfica"
421,Florentino,Luís,1999-08-19,Portugal,"Defensive Midfielder",Right,184.00,76.00,17,30,0,0,8,0,61,"Sport Lisboa e Benfica"
422,João,Mário,1993-01-19,Portugal,"Offensive Midfielder",Right,179.00,74.00,17,31,2,1,4,0,20,"Sport Lisboa e Benfica"
423,Fredrik,Aursnes,1995-12-10,Norway,"Central Midfielder",Right,181.00,71.00,17,33,2,7,3,1,8,"Sport Lisboa e Benfica"
424,Orkun,Kökçü,2000-12-29,Turkey,"Central Midfielder",Right,175.00,72.00,17,27,7,8,7,0,10,"Sport Lisboa e Benfica"
425,João,Neves,2004-09-27,Portugal,"Central Midfielder",Right,174.00,66.00,17,33,3,1,3,0,87,"Sport Lisboa e Benfica"
426,David,Neres,1997-03-03,Brazil,"Right Winger",Left,176.00,69.00,17,24,5,8,1,0,7,"Sport Lisboa e Benfica"
427,Ángel,"Di María",1988-02-14,Argentina,"Right Winger",Left,180.00,66.00,17,28,9,10,4,0,11,"Sport Lisboa e Benfica"
428,Benjamín,Rollheiser,2000-03-24,Argentina,"Right Winger",Left,172.00,66.00,17,9,1,0,1,0,32,"Sport Lisboa e Benfica"
429,Tiago,Gouveia,2001-06-18,Portugal,"Right Winger",Right,176.00,73.00,17,13,2,3,1,0,47,"Sport Lisboa e Benfica"
430,Arthur,Cabral,1998-04-25,Brazil,Striker,Right,186.00,82.00,17,28,6,1,2,0,9,"Sport Lisboa e Benfica"
431,Casper,Tengstedt,2000-06-01,Denmark,Striker,Right,184.00,79.00,17,17,4,2,2,0,19,"Sport Lisboa e Benfica"
432,Marcos,Leonardo,2003-05-02,Brazil,Striker,Right,176.00,72.00,17,14,7,0,1,0,36,"Sport Lisboa e Benfica"
433,Rafa,Silva,1993-05-17,Portugal,"Offensive Midfielder",Right,172.00,64.00,17,30,14,12,3,0,27,"Sport Lisboa e Benfica"
434,Bruno,Varela,1994-11-04,"Cape Verde",Goalkeeper,Right,191.00,88.00,18,27,0,0,3,0,14,"Vitória Sport Clube"
435,Charles,Silva,1994-02-04,Brazil,Goalkeeper,Right,186.00,82.00,18,8,0,0,2,0,27,"Vitória Sport Clube"
436,Bruno,Gaspar,1993-04-21,Angola,"Right Back",Right,180.00,74.00,18,28,2,3,7,0,76,"Vitória Sport Clube"
437,Mikel,Villanueva,1993-04-14,Venezuela,"Center Back",Left,192.00,84.00,18,6,0,0,1,0,3,"Vitória Sport Clube"
438,Tomás,Ribeiro,1999-04-30,Portugal,"Center Back",Left,185.00,82.00,18,29,1,1,8,0,4,"Vitória Sport Clube"
439,Manu,Silva,2001-06-12,Portugal,"Defensive Midfielder",Right,189.00,83.00,18,23,2,0,5,0,6,"Vitória Sport Clube"
440,Toni,Borevkovic,1997-06-18,Croatia,"Center Back",Right,193.00,78.00,18,23,0,0,2,1,24,"Vitória Sport Clube"
441,Jorge,Fernandes,1997-04-02,Portugal,"Center Back",Right,191.00,81.00,18,29,1,1,5,0,44,"Vitória Sport Clube"
442,Ricardo,Mangas,1998-03-19,Portugal,"Left Back",Right,181.00,68.00,18,23,1,4,2,0,19,"Vitória Sport Clube"
443,Afonso,Freitas,2000-04-07,Portugal,"Left Back",Left,181.00,74.00,18,13,0,0,3,0,72,"Vitória Sport Clube"
444,Miguel,Maga,2002-11-16,Portugal,"Left Back",Right,175.00,68.00,18,22,0,0,2,0,2,"Vitória Sport Clube"
445,Tiago,Silva,1993-06-02,Portugal,"Offensive Midfielder",Right,170.00,62.00,18,29,5,5,8,0,10,"Vitória Sport Clube"
446,João,Mendes,1994-10-21,Portugal,"Offensive Midfielder",Right,183.00,77.00,18,26,7,2,4,1,17,"Vitória Sport Clube"
447,Nuno,Santos,1999-03-02,Portugal,"Offensive Midfielder",Right,179.00,73.00,18,27,2,4,5,1,77,"Vitória Sport Clube"
448,Dani,Silva,2000-04-11,Portugal,"Offensive Midfielder",Right,180.00,77.00,18,16,1,2,1,0,80,"Vitória Sport Clube"
449,Tomás,Händel,2000-11-27,Portugal,"Central Midfielder",Left,180.00,75.00,18,31,2,1,5,0,8,"Vitória Sport Clube"
450,Zé,Carlos,2001-10-30,Portugal,"Central Midfielder",Right,172.00,64.00,18,22,0,0,4,0,28,"Vitória Sport Clube"
451,André,André,1989-08-26,Portugal,"Central Midfielder",Right,174.00,68.00,18,18,0,3,10,0,21,"Vitória Sport Clube"
452,Kaio,César,2004-02-15,Brazil,"Right Winger",Left,168.00,64.00,18,12,0,0,3,0,37,"Vitória Sport Clube"
453,Adrián,Butzke,1999-03-30,Spain,Striker,Right,193.00,85.00,18,18,0,0,0,0,22,"Vitória Sport Clube"
454,Nélson,Oliveira,1991-08-08,Portugal,Striker,Right,186.00,82.00,18,15,2,1,5,0,79,"Vitória Sport Clube"
455,Jota,Silva,1999-08-01,Portugal,"Left Winger",Right,179.00,77.00,18,33,11,5,7,0,11,"Vitória Sport Clube"
